2023-12-09 14:14:37.108629,192.168.254.182,sysName.0,vmulgund-macbookpro
2023-12-09 14:14:37.110051,192.168.254.182,sysUpTime.0,209119
2023-12-09 14:14:37.119800,192.168.254.182,sysName.0,HP-Ananya
2023-12-09 14:14:37.127506,192.168.254.182,sysUpTime.0,175257
2023-12-09 14:14:42.151227,192.168.254.182,sysName.0,vmulgund-macbookpro
2023-12-09 14:14:42.152994,192.168.254.182,sysUpTime.0,209623
2023-12-09 14:14:42.159279,192.168.254.182,sysName.0,HP-Ananya
2023-12-09 14:14:42.166096,192.168.254.182,sysUpTime.0,175760
2023-12-09 14:14:47.189694,192.168.254.182,sysName.0,vmulgund-macbookpro
2023-12-09 14:14:47.191055,192.168.254.182,sysUpTime.0,210127
2023-12-09 14:14:47.200236,192.168.254.182,sysName.0,HP-Ananya
2023-12-09 14:14:47.206899,192.168.254.182,sysUpTime.0,176265
2023-12-09 14:14:52.228268,192.168.254.182,sysName.0,vmulgund-macbookpro
2023-12-09 14:14:52.230285,192.168.254.182,sysUpTime.0,210631
2023-12-09 14:14:52.236474,192.168.254.182,sysName.0,HP-Ananya
2023-12-09 14:14:52.243070,192.168.254.182,sysUpTime.0,176768
2023-12-09 14:14:57.252832,192.168.254.182,sysName.0,vmulgund-macbookpro
2023-12-09 14:14:57.254166,192.168.254.182,sysUpTime.0,211133
2023-12-09 14:14:57.261008,192.168.254.182,sysName.0,HP-Ananya
2023-12-09 14:14:57.267799,192.168.254.182,sysUpTime.0,177271
2023-12-09 14:15:02.283918,192.168.254.182,sysName.0,vmulgund-macbookpro
2023-12-09 14:15:02.285524,192.168.254.182,sysUpTime.0,211636
2023-12-09 14:15:02.291053,192.168.254.182,sysName.0,HP-Ananya
2023-12-09 14:15:02.297170,192.168.254.182,sysUpTime.0,177774
2023-12-09 14:15:07.312849,192.168.254.182,sysName.0,vmulgund-macbookpro
2023-12-09 14:15:07.314614,192.168.254.182,sysUpTime.0,212139
2023-12-09 14:15:07.324671,192.168.254.182,sysName.0,HP-Ananya
2023-12-09 14:15:07.335339,192.168.254.182,sysUpTime.0,178277
